{"stats":{"minecraft:killed":{"cobblemon:pokemon":11,"minecraft:spider":2,"minecraft:creeper":1,"minecraft:sheep":3,"minecraft:skeleton":1,"minecraft:zombie":4},"minecraft:mined":{"minecraft:crafting_table":1,"minecraft:grass_block":4,"minecraft:poppy":1,"minecraft:cobblestone":1,"minecraft:oak_planks":1,"minecraft:sugar_cane":2,"minecraft:furnace":2,"minecraft:birch_log":1,"minecraft:iron_ore":4,"minecraft:birch_leaves":7,"minecraft:pumpkin":1,"minecraft:grass":4,"minecraft:oak_log":18,"minecraft:coal_ore":18,"minecraft:sand":4,"minecraft:dirt":2,"minecraft:stone":24,"minecraft:oak_leaves":8},"minecraft:custom":{"minecraft:interact_with_furnace":11,"minecraft:mob_kills":23,"minecraft:interact_with_crafting_table":4,"minecraft:time_since_death":24932,"minecraft:time_since_rest":24963,"minecraft:sprint_one_cm":88988,"minecraft:damage_taken":575,"minecraft:walk_one_cm":63152,"minecraft:drop":2,"minecraft:damage_dealt":3611,"minecraft:swim_one_cm":12550,"minecraft:fly_one_cm":90507,"minecraft:crouch_one_cm":2571,"minecraft:play_time":35827,"minecraft:deaths":1,"minecraft:sneak_time":1416,"minecraft:walk_under_water_one_cm":12494,"minecraft:jump":546,"minecraft:walk_on_water_one_cm":8895,"minecraft:total_world_time":35827,"minecraft:fall_one_cm":13392},"minecraft:picked_up":{"minecraft:birch_log":1,"minecraft:crafting_table":1,"minecraft:feather":3,"minecraft:chicken":6,"minecraft:brown_wool":1,"minecraft:oak_log":19,"minecraft:gunpowder":2,"minecraft:dirt":22,"minecraft:string":2,"minecraft:bone":1,"minecraft:wheat_seeds":1,"minecraft:cooked_chicken":1,"minecraft:sugar_cane":5,"minecraft:birch_sapling":1,"minecraft:oak_planks":17,"minecraft:furnace":2,"minecraft:raw_iron":4,"minecraft:pumpkin":1,"minecraft:sweet_berries":1,"minecraft:sand":4,"cobblemon:rawst_berry":1,"minecraft:arrow":2,"minecraft:rotten_flesh":4,"minecraft:slime_ball":1,"minecraft:oak_sapling":2,"minecraft:mutton":5,"minecraft:coal":18,"minecraft:white_wool":2,"minecraft:cobblestone":24},"minecraft:killed_by":{"minecraft:zombie":1},"minecraft:dropped":{"minecraft:wheat_seeds":1,"minecraft:feather":1},"minecraft:crafted":{"minecraft:oak_planks":76,"minecraft:crafting_table":2,"minecraft:cooked_chicken":5,"minecraft:wooden_pickaxe":1,"minecraft:furnace":1,"minecraft:birch_planks":4,"minecraft:stone_axe":1,"minecraft:cooked_mutton":2,"minecraft:air":0,"minecraft:stick":48,"minecraft:iron_ingot":3,"minecraft:iron_pickaxe":1,"minecraft:stone_pickaxe":1,"minecraft:wooden_axe":1,"minecraft:torch":8},"minecraft:used":{"minecraft:cooked_mutton":2,"minecraft:stone_pickaxe":13,"minecraft:oak_planks":1,"minecraft:wooden_pickaxe":26,"minecraft:rotten_flesh":4,"minecraft:cooked_chicken":1,"minecraft:white_wool":1,"minecraft:torch":2,"minecraft:dirt":1,"minecraft:sand":2,"minecraft:mutton":3,"minecraft:crafting_table":3,"minecraft:wooden_axe":18,"minecraft:iron_pickaxe":11,"minecraft:birch_sapling":1,"minecraft:stone_axe":43,"minecraft:cobblestone":5,"minecraft:sweet_berries":1,"minecraft:oak_sapling":2,"minecraft:furnace":3,"minecraft:pumpkin":1}},"DataVersion":3465}