{"stats":{"minecraft:killed":{"minecraft:zombie":1},"minecraft:mined":{"minecraft:grass":4,"minecraft:oak_log":4,"minecraft:sand":2,"minecraft:oak_planks":1,"minecraft:oak_leaves":4},"minecraft:custom":{"minecraft:time_since_rest":963,"minecraft:deaths":1,"minecraft:play_time":11827,"minecraft:sprint_one_cm":28650,"minecraft:damage_taken":225,"minecraft:walk_one_cm":18163,"minecraft:sneak_time":43,"minecraft:mob_kills":1,"minecraft:drop":1,"minecraft:jump":162,"minecraft:damage_dealt":403,"minecraft:time_since_death":932,"minecraft:total_world_time":11827,"minecraft:fall_one_cm":4358,"minecraft:fly_one_cm":28763},"minecraft:picked_up":{"minecraft:wheat_seeds":1,"minecraft:sand":2,"minecraft:oak_log":4,"minecraft:oak_sapling":2,"minecraft:oak_planks":17},"minecraft:killed_by":{"minecraft:zombie":1},"minecraft:dropped":{"minecraft:wheat_seeds":1},"minecraft:crafted":{"minecraft:oak_planks":16},"minecraft:used":{"minecraft:sand":2,"minecraft:oak_sapling":2,"minecraft:oak_planks":1}},"DataVersion":3465}