{"stats":{"minecraft:killed":{"cobblemon:pokemon":16,"minecraft:spider":4,"minecraft:creeper":1,"minecraft:skeleton":1,"minecraft:sheep":3,"minecraft:zombie":10},"minecraft:mined":{"minecraft:crafting_table":2,"minecraft:granite":2,"minecraft:grass_block":8,"minecraft:poppy":1,"minecraft:cobblestone":1,"minecraft:oak_planks":1,"minecraft:sugar_cane":2,"minecraft:wall_torch":1,"minecraft:furnace":3,"minecraft:birch_log":1,"minecraft:iron_ore":72,"minecraft:birch_leaves":7,"minecraft:pumpkin":1,"minecraft:grass":4,"minecraft:oak_log":18,"minecraft:coal_ore":58,"minecraft:sand":4,"minecraft:dirt":11,"minecraft:stone":50,"minecraft:oak_leaves":9},"minecraft:custom":{"minecraft:interact_with_furnace":68,"minecraft:mob_kills":36,"minecraft:interact_with_crafting_table":16,"minecraft:leave_game":2,"minecraft:time_since_death":20913,"minecraft:time_since_rest":20956,"minecraft:sprint_one_cm":138545,"minecraft:damage_taken":1283,"minecraft:walk_one_cm":111495,"minecraft:damage_blocked_by_shield":80,"minecraft:drop":7,"minecraft:damage_dealt":6489,"minecraft:swim_one_cm":16787,"minecraft:fly_one_cm":124328,"minecraft:open_chest":7,"minecraft:crouch_one_cm":8030,"minecraft:play_time":66390,"minecraft:deaths":2,"minecraft:sneak_time":3573,"minecraft:walk_under_water_one_cm":16450,"minecraft:jump":934,"minecraft:walk_on_water_one_cm":15416,"minecraft:total_world_time":66390,"minecraft:fall_one_cm":21686},"minecraft:picked_up":{"minecraft:birch_log":1,"minecraft:crafting_table":2,"minecraft:feather":5,"minecraft:chicken":6,"minecraft:andesite":2,"minecraft:brown_wool":2,"minecraft:oak_log":19,"minecraft:gunpowder":4,"minecraft:dirt":41,"minecraft:string":6,"minecraft:raw_copper":4,"minecraft:bone":2,"minecraft:wheat_seeds":1,"minecraft:stone_pickaxe":1,"cobblemon:oran_berry":1,"minecraft:cooked_chicken":2,"minecraft:iron_pickaxe":1,"minecraft:rabbit":1,"minecraft:sugar_cane":10,"minecraft:birch_sapling":1,"minecraft:oak_planks":54,"minecraft:furnace":3,"minecraft:stick":19,"minecraft:raw_iron":124,"minecraft:pumpkin":1,"minecraft:sweet_berries":1,"minecraft:torch":27,"minecraft:porkchop":3,"cobblemon:rawst_berry":2,"minecraft:sand":4,"minecraft:arrow":4,"minecraft:rotten_flesh":10,"minecraft:slime_ball":2,"minecraft:stone_axe":1,"minecraft:granite":2,"minecraft:oak_sapling":2,"minecraft:mutton":5,"minecraft:coal":103,"minecraft:white_wool":3,"minecraft:cobblestone":83},"minecraft:killed_by":{"minecraft:creeper":1,"minecraft:zombie":1},"minecraft:dropped":{"minecraft:wheat_seeds":1,"minecraft:raw_copper":4,"minecraft:feather":1,"minecraft:rotten_flesh":6},"minecraft:crafted":{"minecraft:oak_planks":76,"minecraft:cooked_porkchop":3,"minecraft:crafting_table":2,"minecraft:cooked_chicken":5,"minecraft:wooden_pickaxe":1,"minecraft:iron_helmet":1,"minecraft:iron_sword":1,"minecraft:furnace":2,"minecraft:bucket":1,"minecraft:birch_planks":4,"minecraft:stone_axe":1,"minecraft:cooked_mutton":2,"minecraft:air":0,"minecraft:iron_boots":1,"minecraft:iron_chestplate":1,"minecraft:shield":1,"minecraft:iron_axe":1,"minecraft:stick":48,"minecraft:iron_ingot":71,"minecraft:iron_pickaxe":2,"minecraft:stone_pickaxe":1,"minecraft:wooden_axe":1,"minecraft:chest":1,"minecraft:iron_leggings":1,"minecraft:torch":52,"minecraft:cooked_rabbit":1},"minecraft:used":{"minecraft:cooked_mutton":2,"minecraft:stone_pickaxe":13,"minecraft:oak_planks":1,"minecraft:chest":1,"minecraft:wooden_pickaxe":26,"minecraft:shield":4,"minecraft:iron_sword":18,"minecraft:cooked_chicken":6,"minecraft:rotten_flesh":4,"minecraft:iron_chestplate":1,"minecraft:white_wool":1,"minecraft:torch":30,"minecraft:dirt":32,"minecraft:sand":4,"minecraft:mutton":3,"minecraft:crafting_table":4,"minecraft:granite":2,"minecraft:wooden_axe":18,"minecraft:iron_pickaxe":149,"minecraft:iron_axe":7,"minecraft:birch_sapling":1,"minecraft:iron_helmet":1,"minecraft:stone_axe":64,"minecraft:cobblestone":7,"minecraft:sweet_berries":1,"minecraft:oak_sapling":2,"minecraft:furnace":5,"minecraft:cooked_porkchop":1,"minecraft:cooked_rabbit":1,"minecraft:andesite":2,"minecraft:pumpkin":1,"minecraft:iron_leggings":1}},"DataVersion":3465}