{"stats":{"minecraft:killed":{"cobblemon:pokemon":11,"minecraft:spider":2,"minecraft:creeper":1,"minecraft:sheep":3,"minecraft:skeleton":1,"minecraft:zombie":10},"minecraft:mined":{"minecraft:crafting_table":1,"minecraft:granite":2,"minecraft:grass_block":7,"minecraft:poppy":1,"minecraft:cobblestone":1,"minecraft:oak_planks":1,"minecraft:sugar_cane":2,"minecraft:wall_torch":1,"minecraft:furnace":2,"minecraft:birch_log":1,"minecraft:iron_ore":56,"minecraft:birch_leaves":7,"minecraft:pumpkin":1,"minecraft:grass":4,"minecraft:oak_log":18,"minecraft:coal_ore":58,"minecraft:sand":4,"minecraft:dirt":4,"minecraft:stone":45,"minecraft:oak_leaves":8},"minecraft:custom":{"minecraft:interact_with_furnace":12,"minecraft:mob_kills":29,"minecraft:interact_with_crafting_table":4,"minecraft:time_since_death":2350,"minecraft:time_since_rest":2393,"minecraft:sprint_one_cm":113434,"minecraft:damage_taken":1090,"minecraft:walk_one_cm":88792,"minecraft:drop":6,"minecraft:damage_dealt":4753,"minecraft:swim_one_cm":16539,"minecraft:fly_one_cm":111714,"minecraft:crouch_one_cm":7590,"minecraft:play_time":47827,"minecraft:deaths":2,"minecraft:sneak_time":3317,"minecraft:walk_under_water_one_cm":15949,"minecraft:jump":784,"minecraft:walk_on_water_one_cm":13535,"minecraft:total_world_time":47827,"minecraft:fall_one_cm":19535},"minecraft:picked_up":{"minecraft:birch_log":1,"minecraft:crafting_table":1,"minecraft:feather":5,"minecraft:chicken":6,"minecraft:brown_wool":2,"minecraft:oak_log":19,"minecraft:gunpowder":4,"minecraft:dirt":33,"minecraft:string":4,"minecraft:raw_copper":2,"minecraft:bone":2,"minecraft:wheat_seeds":1,"minecraft:stone_pickaxe":1,"minecraft:cooked_chicken":2,"minecraft:iron_pickaxe":1,"minecraft:sugar_cane":10,"minecraft:birch_sapling":1,"minecraft:oak_planks":54,"minecraft:furnace":2,"minecraft:stick":19,"minecraft:raw_iron":109,"minecraft:pumpkin":1,"minecraft:sweet_berries":1,"minecraft:torch":27,"minecraft:sand":4,"cobblemon:rawst_berry":2,"minecraft:arrow":4,"minecraft:rotten_flesh":10,"minecraft:slime_ball":2,"minecraft:stone_axe":1,"minecraft:granite":2,"minecraft:oak_sapling":2,"minecraft:mutton":5,"minecraft:coal":103,"minecraft:white_wool":3,"minecraft:cobblestone":76},"minecraft:killed_by":{"minecraft:creeper":1,"minecraft:zombie":1},"minecraft:dropped":{"minecraft:wheat_seeds":1,"minecraft:raw_copper":2,"minecraft:feather":1,"minecraft:rotten_flesh":6},"minecraft:crafted":{"minecraft:oak_planks":76,"minecraft:crafting_table":2,"minecraft:cooked_chicken":5,"minecraft:wooden_pickaxe":1,"minecraft:furnace":1,"minecraft:birch_planks":4,"minecraft:stone_axe":1,"minecraft:cooked_mutton":2,"minecraft:air":0,"minecraft:stick":48,"minecraft:iron_ingot":3,"minecraft:iron_pickaxe":1,"minecraft:stone_pickaxe":1,"minecraft:wooden_axe":1,"minecraft:torch":52},"minecraft:used":{"minecraft:cooked_mutton":2,"minecraft:stone_pickaxe":13,"minecraft:oak_planks":1,"minecraft:wooden_pickaxe":26,"minecraft:rotten_flesh":4,"minecraft:cooked_chicken":6,"minecraft:white_wool":1,"minecraft:torch":28,"minecraft:dirt":18,"minecraft:sand":4,"minecraft:mutton":3,"minecraft:crafting_table":3,"minecraft:granite":2,"minecraft:wooden_axe":18,"minecraft:iron_pickaxe":127,"minecraft:birch_sapling":1,"minecraft:stone_axe":60,"minecraft:cobblestone":5,"minecraft:sweet_berries":1,"minecraft:oak_sapling":2,"minecraft:furnace":3,"minecraft:pumpkin":1}},"DataVersion":3465}