{"stats":{"minecraft:killed":{"cobblemon:pokemon":15,"minecraft:spider":3,"minecraft:creeper":1,"minecraft:sheep":3,"minecraft:skeleton":1,"minecraft:zombie":10},"minecraft:mined":{"minecraft:crafting_table":2,"minecraft:granite":2,"minecraft:grass_block":8,"minecraft:poppy":1,"minecraft:cobblestone":1,"minecraft:oak_planks":1,"minecraft:sugar_cane":2,"minecraft:wall_torch":1,"minecraft:furnace":3,"minecraft:birch_log":1,"minecraft:iron_ore":72,"minecraft:birch_leaves":7,"minecraft:pumpkin":1,"minecraft:grass":4,"minecraft:oak_log":18,"minecraft:coal_ore":58,"minecraft:sand":4,"minecraft:dirt":9,"minecraft:stone":50,"minecraft:oak_leaves":9},"minecraft:custom":{"minecraft:interact_with_furnace":66,"minecraft:mob_kills":34,"minecraft:interact_with_crafting_table":16,"minecraft:leave_game":1,"minecraft:time_since_death":19411,"minecraft:time_since_rest":19454,"minecraft:sprint_one_cm":136304,"minecraft:damage_taken":1265,"minecraft:walk_one_cm":108856,"minecraft:damage_blocked_by_shield":40,"minecraft:drop":7,"minecraft:damage_dealt":5914,"minecraft:swim_one_cm":16787,"minecraft:fly_one_cm":122826,"minecraft:open_chest":5,"minecraft:crouch_one_cm":8030,"minecraft:play_time":64888,"minecraft:deaths":2,"minecraft:sneak_time":3573,"minecraft:walk_under_water_one_cm":16450,"minecraft:jump":915,"minecraft:walk_on_water_one_cm":15416,"minecraft:total_world_time":64888,"minecraft:fall_one_cm":21268},"minecraft:picked_up":{"minecraft:birch_log":1,"minecraft:crafting_table":2,"minecraft:feather":5,"minecraft:chicken":6,"minecraft:andesite":2,"minecraft:brown_wool":2,"minecraft:oak_log":19,"minecraft:gunpowder":4,"minecraft:dirt":39,"minecraft:string":5,"minecraft:raw_copper":4,"minecraft:bone":2,"minecraft:wheat_seeds":1,"cobblemon:oran_berry":1,"minecraft:stone_pickaxe":1,"minecraft:cooked_chicken":2,"minecraft:rabbit":1,"minecraft:iron_pickaxe":1,"minecraft:sugar_cane":10,"minecraft:birch_sapling":1,"minecraft:oak_planks":54,"minecraft:furnace":3,"minecraft:stick":19,"minecraft:raw_iron":124,"minecraft:pumpkin":1,"minecraft:sweet_berries":1,"minecraft:torch":27,"minecraft:porkchop":3,"minecraft:sand":4,"cobblemon:rawst_berry":2,"minecraft:arrow":4,"minecraft:rotten_flesh":10,"minecraft:slime_ball":2,"minecraft:stone_axe":1,"minecraft:granite":2,"minecraft:oak_sapling":2,"minecraft:mutton":5,"minecraft:coal":103,"minecraft:white_wool":3,"minecraft:cobblestone":83},"minecraft:killed_by":{"minecraft:creeper":1,"minecraft:zombie":1},"minecraft:dropped":{"minecraft:wheat_seeds":1,"minecraft:raw_copper":4,"minecraft:feather":1,"minecraft:rotten_flesh":6},"minecraft:crafted":{"minecraft:oak_planks":76,"minecraft:cooked_porkchop":3,"minecraft:crafting_table":2,"minecraft:iron_helmet":1,"minecraft:cooked_chicken":5,"minecraft:wooden_pickaxe":1,"minecraft:iron_sword":1,"minecraft:furnace":2,"minecraft:bucket":1,"minecraft:birch_planks":4,"minecraft:stone_axe":1,"minecraft:cooked_mutton":2,"minecraft:air":0,"minecraft:iron_boots":1,"minecraft:iron_chestplate":1,"minecraft:shield":1,"minecraft:iron_axe":1,"minecraft:stick":48,"minecraft:iron_ingot":71,"minecraft:iron_pickaxe":2,"minecraft:stone_pickaxe":1,"minecraft:wooden_axe":1,"minecraft:chest":1,"minecraft:iron_leggings":1,"minecraft:torch":52,"minecraft:cooked_rabbit":1},"minecraft:used":{"minecraft:cooked_mutton":2,"minecraft:stone_pickaxe":13,"minecraft:oak_planks":1,"minecraft:shield":2,"minecraft:chest":1,"minecraft:wooden_pickaxe":26,"minecraft:iron_sword":16,"minecraft:rotten_flesh":4,"minecraft:cooked_chicken":6,"minecraft:iron_chestplate":1,"minecraft:white_wool":1,"minecraft:torch":30,"minecraft:dirt":30,"minecraft:sand":4,"minecraft:mutton":3,"minecraft:crafting_table":4,"minecraft:granite":2,"minecraft:wooden_axe":18,"minecraft:iron_axe":3,"minecraft:iron_pickaxe":149,"minecraft:birch_sapling":1,"minecraft:iron_helmet":1,"minecraft:stone_axe":64,"minecraft:cobblestone":7,"minecraft:sweet_berries":1,"minecraft:oak_sapling":2,"minecraft:furnace":5,"minecraft:cooked_porkchop":1,"minecraft:cooked_rabbit":1,"minecraft:andesite":2,"minecraft:pumpkin":1,"minecraft:iron_leggings":1}},"DataVersion":3465}