{"stats":{"minecraft:killed":{"minecraft:sheep":2,"minecraft:zombie":2,"cobblemon:pokemon":1,"minecraft:spider":2},"minecraft:mined":{"minecraft:furnace":1,"minecraft:birch_log":1,"minecraft:birch_leaves":7,"minecraft:pumpkin":1,"minecraft:crafting_table":1,"minecraft:grass":4,"minecraft:coal_ore":2,"minecraft:oak_log":9,"minecraft:poppy":1,"minecraft:dirt":1,"minecraft:sand":4,"minecraft:stone":23,"minecraft:sugar_cane":2,"minecraft:oak_planks":1,"minecraft:oak_leaves":4},"minecraft:custom":{"minecraft:time_since_rest":12963,"minecraft:interact_with_furnace":5,"minecraft:sprint_one_cm":60274,"minecraft:damage_taken":495,"minecraft:walk_one_cm":38605,"minecraft:mob_kills":8,"minecraft:drop":1,"minecraft:damage_dealt":1455,"minecraft:interact_with_crafting_table":3,"minecraft:swim_one_cm":5082,"minecraft:fly_one_cm":54909,"minecraft:crouch_one_cm":1261,"minecraft:play_time":23827,"minecraft:deaths":1,"minecraft:sneak_time":813,"minecraft:walk_under_water_one_cm":7927,"minecraft:jump":333,"minecraft:time_since_death":12932,"minecraft:walk_on_water_one_cm":3669,"minecraft:total_world_time":23827,"minecraft:fall_one_cm":8260},"minecraft:picked_up":{"minecraft:birch_log":1,"minecraft:crafting_table":1,"minecraft:pumpkin":1,"minecraft:sweet_berries":1,"cobblemon:rawst_berry":1,"minecraft:sand":4,"minecraft:oak_log":10,"minecraft:string":2,"minecraft:dirt":17,"minecraft:rotten_flesh":2,"minecraft:wheat_seeds":1,"minecraft:oak_sapling":2,"minecraft:sugar_cane":5,"minecraft:mutton":4,"minecraft:birch_sapling":1,"minecraft:oak_planks":17,"minecraft:coal":2,"minecraft:white_wool":2,"minecraft:cobblestone":22,"minecraft:furnace":1},"minecraft:killed_by":{"minecraft:zombie":1},"minecraft:dropped":{"minecraft:wheat_seeds":1},"minecraft:crafted":{"minecraft:oak_planks":40,"minecraft:crafting_table":2,"minecraft:stick":16,"minecraft:wooden_pickaxe":1,"minecraft:stone_pickaxe":1,"minecraft:wooden_axe":1,"minecraft:furnace":1,"minecraft:birch_planks":4,"minecraft:stone_axe":1,"minecraft:air":0,"minecraft:cooked_mutton":2},"minecraft:used":{"minecraft:cooked_mutton":2,"minecraft:wooden_axe":18,"minecraft:birch_sapling":1,"minecraft:stone_pickaxe":1,"minecraft:oak_planks":1,"minecraft:wooden_pickaxe":26,"minecraft:rotten_flesh":2,"minecraft:stone_axe":1,"minecraft:white_wool":1,"minecraft:mutton":2,"minecraft:sand":2,"minecraft:cobblestone":5,"minecraft:sweet_berries":1,"minecraft:crafting_table":2,"minecraft:furnace":1,"minecraft:oak_sapling":2,"minecraft:pumpkin":1}},"DataVersion":3465}